{
  "script_version": "2026-05-21-move-to-center-hole-v1",
  "quality": "base-target",
  "center_base_m": [
    -0.1938399596201498,
    -0.5996715677871526,
    0.03307812140161238
  ],
  "normal_base": [
    -0.417341933967003,
    0.8984241633072192,
    0.13660063300880004
  ],
  "insert_axis_base": [
    0.417341933967003,
    -0.8984241633072192,
    -0.13660063300880004
  ],
  "view_right_base": [
    0.9069255020659214,
    0.42129103206984664,
    0.0
  ],
  "view_up_base": [
    0.057548621661671726,
    -0.12388659767402865,
    0.9906261994625396
  ],
  "visual_correction_base_m": [
    -0.002439959620149819,
    -0.0006815677871525306,
    -0.002971878598387619
  ],
  "preinsert_pose": [
    -0.311,
    -0.348,
    0.071,
    -2.064148624247908,
    -1.2781971376587462,
    -2.231268806256124
  ],
  "final_pose": [
    -0.276,
    -0.422,
    0.06,
    -2.064148624247908,
    -1.2781971376587462,
    -2.231268806256124
  ],
  "pre_tip_base_m": [
    -0.22722731433751003,
    -0.527797634722575,
    0.04400617204231638
  ],
  "final_tip_base_m": [
    -0.1930052757522158,
    -0.601468416113767,
    0.03280492013559478
  ],
  "preinsert_move_m": 0.012195530546974543,
  "insert_move_m": 0.08199999999999999,
  "tcp_to_tip_m": 0.2,
  "preinsert_distance_m": 0.08,
  "insert_depth_m": 0.002,
  "tool_axis": "+z",
  "detection_path": "<base-target>",
  "planned_from_pose": [
    -0.312717,
    -0.336852,
    0.07555,
    -2.065,
    -1.278,
    -2.23
  ],
  "planned_from_joint": [
    26.809,
    94.578,
    31.105,
    -95.3,
    -83.899,
    -110.446
  ],
  "saved_at_unix": 1779790567.232667
}