{
  "script_version": "2026-05-21-move-to-center-hole-v1",
  "quality": "base-target",
  "center_base_m": [
    -0.1914,
    -0.59899,
    0.03605
  ],
  "normal_base": [
    -0.417341933967003,
    0.8984241633072192,
    0.13660063300880004
  ],
  "insert_axis_base": [
    0.417341933967003,
    -0.8984241633072192,
    -0.13660063300880004
  ],
  "preinsert_pose": [
    -0.308,
    -0.347,
    0.074,
    -2.065116129751999,
    -1.278738021100514,
    -2.2302584362164253
  ],
  "final_pose": [
    -0.274,
    -0.421,
    0.063,
    -2.065116129751999,
    -1.278738021100514,
    -2.2302584362164253
  ],
  "pre_tip_base_m": [
    -0.22478735471736022,
    -0.5271160669354225,
    0.046978050640704004
  ],
  "final_tip_base_m": [
    -0.19056531613206598,
    -0.6007868483266144,
    0.0357767987339824
  ],
  "preinsert_move_m": 0.06513471973126712,
  "insert_move_m": 0.08200000000000002,
  "tcp_to_tip_m": 0.2,
  "preinsert_distance_m": 0.08,
  "insert_depth_m": 0.002,
  "tool_axis": "+z",
  "detection_path": "<base-target>",
  "planned_from_pose": [
    -0.305418,
    -0.285158,
    0.09318,
    -2.215,
    -1.287,
    -2.288
  ],
  "planned_from_joint": [
    20.901,
    77.555,
    69.106,
    -88.824,
    -77.643,
    -133.036
  ],
  "saved_at_unix": 1779790087.5920064
}