{
  "script_version": "2026-05-21-move-to-center-hole-v1",
  "quality": "base-target",
  "center_base_m": [
    -0.19565381062428164,
    -0.6005141498512923,
    0.03307812140161238
  ],
  "normal_base": [
    -0.417341933967003,
    0.8984241633072192,
    0.13660063300880004
  ],
  "insert_axis_base": [
    0.417341933967003,
    -0.8984241633072192,
    -0.13660063300880004
  ],
  "view_right_base": [
    0.9069255020659214,
    0.42129103206984664,
    0.0
  ],
  "view_up_base": [
    0.057548621661671726,
    -0.12388659767402865,
    0.9906261994625396
  ],
  "visual_correction_base_m": [
    -0.0042538106242816605,
    -0.0015241498512922236,
    -0.002971878598387619
  ],
  "preinsert_pose": [
    -0.313,
    -0.349,
    0.071,
    -2.05803718255708,
    -1.2747263048998845,
    -2.237654867068877
  ],
  "final_pose": [
    -0.278,
    -0.423,
    0.06,
    -2.05803718255708,
    -1.2747263048998845,
    -2.237654867068877
  ],
  "pre_tip_base_m": [
    -0.22904116534164187,
    -0.5286402167867147,
    0.04400617204231638
  ],
  "final_tip_base_m": [
    -0.19481912675634763,
    -0.6023109981779067,
    0.03280492013559478
  ],
  "preinsert_move_m": 0.24126734109876388,
  "insert_move_m": 0.08200000000000002,
  "tcp_to_tip_m": 0.2,
  "preinsert_distance_m": 0.08,
  "insert_depth_m": 0.002,
  "tool_axis": "+z",
  "detection_path": "<base-target>",
  "planned_from_pose": [
    -0.227142,
    -0.126981,
    0.03071,
    -1.447,
    -1.236,
    2.843
  ],
  "planned_from_joint": [
    -9.019,
    93.055,
    102.165,
    -89.258,
    -92.592,
    -176.211
  ],
  "saved_at_unix": 1779845712.2105715
}